input_id	dealiased_id	standard_id	short_id
isbn:9781330267608	isbn:9781330267608	isbn:9781330267608	YcLevYSc
doi:10.1017/CBO9780511803161	doi:10.1017/CBO9780511803161	doi:10.1017/cbo9780511803161	peGxtHPM
doi:10.1080/01621459.1996.10476902	doi:10.1080/01621459.1996.10476902	doi:10.1080/01621459.1996.10476902	w47lt0ah
isbn:9781400880874	isbn:9781400880874	isbn:9781400880874	712MuGug
doi:10.1038/nmeth.3773	doi:10.1038/nmeth.3773	doi:10.1038/nmeth.3773	qpg6x7P4
doi:10.1126/scisignal.aau8645	doi:10.1126/scisignal.aau8645	doi:10.1126/scisignal.aau8645	4VxTzwTj
doi:10.1038/s41587-019-0344-3	doi:10.1038/s41587-019-0344-3	doi:10.1038/s41587-019-0344-3	yCFobrFQ
doi:10.1038/d41586-023-02361-7	doi:10.1038/d41586-023-02361-7	doi:10.1038/d41586-023-02361-7	19EQh1DNG
