input_id	dealiased_id	standard_id	short_id
isbn:9781330267608	isbn:9781330267608	isbn:9781330267608	YcLevYSc
doi:10.1017/CBO9780511803161	doi:10.1017/CBO9780511803161	doi:10.1017/cbo9780511803161	peGxtHPM
doi:10.1080/01621459.1996.10476902	doi:10.1080/01621459.1996.10476902	doi:10.1080/01621459.1996.10476902	w47lt0ah
isbn:9781400880874	isbn:9781400880874	isbn:9781400880874	712MuGug
doi:10.1038/d41586-023-02361-7	doi:10.1038/d41586-023-02361-7	doi:10.1038/d41586-023-02361-7	19EQh1DNG
